Adresse,Prix,Chambres,Salles_De_Bain,Lien
"Magnifique condo situé sur le boulevard René-Laennec, dans l...",419000,2,1,https://www.kijiji.ca/v-condo-for-sale/laval-rive-nord/condominium-a-vendre/1734127940
"6 Av. Argyle, Saint-Lambert (QC) J4P 2H5 CONDO À VENDRE Prix...",100250,2,1,https://www.kijiji.ca/v-condo-for-sale/ville-de-montreal/condo-a-vendre/1735056291
"Beau Condo a Aire Ouverte 2 chambre, 2 salle de bain Découvr...",350000,2,1,https://www.kijiji.ca/v-condo-for-sale/longueuil-rive-sud/condo-a-vendre-st-bruno/1735212034
"Condo de 2 chambres + mezzanine, entree privée , stationneme...",399000,2,1,https://www.kijiji.ca/v-condo-for-sale/ville-de-montreal/condo-a-vendre/1734534161
- La vente inclut un espace de stationnement intérieurs. - L...,390000,2,1,https://www.kijiji.ca/v-condo-for-sale/ville-de-montreal/condo-meuble-a-vendre-par-proprietaire-furnished-condo-for-sale/1735222193
"Condo SKI IN-SKI OUT MONT-OWLS HEAD, un endroit où il fait b...",880000,2,1,https://www.kijiji.ca/v-condo-for-sale/longueuil-rive-sud/super-condo-a-vendre-sur-la-montage-owls-head/1735243181
Dominez le Vieux-Longueuil depuis ce loft exclusif situé au ...,324900,2,1,https://www.kijiji.ca/v-condo-for-sale/longueuil-rive-sud/condo-a-vendre/1734376179
"Beau condo ensoleillé dans un RPA à Laval. 9e étage, côté ou...",399000,2,1,https://www.kijiji.ca/v-condo-for-sale/laval-rive-nord/condo-rpa-laval-a-vendre/1734544085
No Centris 28756177 Superbe condo unité de coin idéalement s...,389000,2,1,https://www.kijiji.ca/v-condo-for-sale/ville-de-montreal/condo-a-vendre/1733292822
Coup de cœur à Villeray ! Découvrez ce charmant condo de 654...,319900,2,1,https://www.kijiji.ca/v-condo-for-sale/ville-de-montreal/condo-a-vendre/1733681858
"Condo à vendre par propriétaire, aucun agent n'est nécessair...",315000,2,1,https://www.kijiji.ca/v-condo-for-sale/ville-de-montreal/condo-meuble-a-vendre-par-proprietaire-furnished-condo-for-sale/1728172606
"Beautiful updated condo in Century Village Deerfield Beach, ...",61900,2,1,https://www.kijiji.ca/v-condo-for-sale/laval-rive-nord/condo-en-floride-a-vendre-florida-condo-for-sale/1733550347
"Le Arthur à LaSalle, à proximité du parc et du métro Angrign...",279000,2,1,https://www.kijiji.ca/v-condo-for-sale/ville-de-montreal/le-arthur-condo-1-chambre-neuf-a-vendre-a-lasalle/1735038462
LIVRAISON IMMÉDIATE – Condo NEUF -1 chambre 399 000$ + TAXES...,399000,2,1,https://www.kijiji.ca/v-condo-for-sale/ville-de-montreal/a-vendre-verdun-condo-neuf-1-chambre-ideal-1er-achat/1735220030
Énorme 41/2 secteur blainville très recherché prêt de tout e...,384000,2,1,https://www.kijiji.ca/v-condo-for-sale/laval-rive-nord/condo-a-vendre-libre-immediatement/1731352934
"LIBRE MAINTENANT-Condo bien entretenu. Concept ouverts, à 2 ...",389000,2,1,https://www.kijiji.ca/v-condo-for-sale/ville-de-montreal/anjou-condo-a-vendre-201-7030-av-giraud-anjou/1729068241
"Super condo de 2 chambres, se distingue par son excellent em...",357000,2,1,https://www.kijiji.ca/v-condo-for-sale/laval-rive-nord/condo-a-vendre-laval-st-rose/1733973545
Condo 4 1/2 à vendre Candiac Ensoleillé Balcon privé 2 stati...,468000,2,1,https://www.kijiji.ca/v-condo-for-sale/longueuil-rive-sud/condo-4-1-2-a-vendre-candiac-485000/1731827859
"Condo à vendre, 1175 boul du tricentenaire, 101. 627 pi.ca.,...",199900,2,1,https://www.kijiji.ca/v-condo-for-sale/ville-de-montreal/condo-a-vendre-pointe-aux-trembles/1733808006
"Venez découvrir ce charmant condo 3 1/2, au Rez de chaussée,...",379000,2,1,https://www.kijiji.ca/v-condo-for-sale/ville-de-montreal/condo-3-1-2-a-vendre/1728063404
Super condo dans un bel immeuble d´art déco des années 20 (i...,399000,2,1,https://www.kijiji.ca/v-condo-for-sale/ville-de-montreal/super-condo-a-vendre-beau-4-1-2-pres-de-luniversite-de-montrea/1735126933
"Superbe condo bien rénové, comptoir de quartz, meubles et él...",318999,2,1,https://www.kijiji.ca/v-house-for-sale/laval-rive-nord/superbe-condo-renove-cle-en-main-a-vendre-a-laval-vimont/1734284686
"Condo – Tours Sky Blu – Phase 2 À vendre 12065, rue de Blois...",392000,2,1,https://www.kijiji.ca/v-condo-for-sale/laval-rive-nord/3-1-2-condo-a-vendre-mirabel-sky-blu-phase-2/1733471825
Découvrez ce très grand condo lumineux et impeccablement ent...,499000,2,1,https://www.kijiji.ca/v-house-for-sale/ville-de-montreal/spacieux-condo-moderne-de-2-chambres-a-vendre-a-rosem/1732698724
"Condo d’une chambre à coucher situé au 4e étage, dans un sec...",229000,2,1,https://www.kijiji.ca/v-condo-for-sale/ville-de-montreal/3-1-2-condo-a-vendre-anjou/1733716067
Magnifique condo à vendre ! Avantages de la propriété (intér...,529500,2,1,https://www.kijiji.ca/v-condo-for-sale/laval-rive-nord/529-500-condominium-for-sale-in-mascouche/1717731541
DISPONIBLE 1er FÉVRIER 2026 Condo à vendre - VILLA LATELLA S...,450000,2,1,https://www.kijiji.ca/v-condo-for-sale/laval-rive-nord/450-000-condominium-for-sale-in-anjou/1726219825
Superbe condo à vendre à Boisbriand spacieux 4½ au rez-de-ch...,329200,2,1,https://www.kijiji.ca/v-condo-for-sale/laval-rive-nord/329-200-condominium-for-sale-in-boisbriand/1727214510
Acheteurs avec courtier bienvenus. Commission offerte au cou...,320000,2,1,https://www.kijiji.ca/v-condo-for-sale/ville-de-montreal/320-000-condominium-in-mercier-hochelaga-maisonneuve/1731673216
"Magnifique condo à vendre style loft, on va ce faire captive...",499000,2,1,https://www.kijiji.ca/v-condo-for-sale/laval-rive-nord/499-000-condominium-for-sale-in-vimont/1694714168
Condo à vendre - Secteur tranquille dans un quartier dynamiq...,359900,2,1,https://www.kijiji.ca/v-condo-for-sale/laval-rive-nord/359-900-condominium-for-sale-in-terrebonne-lachenaie/1722370485
"Magnifique Condo à vendre, au premier étage, en face de la r...",398000,2,1,https://www.kijiji.ca/v-condo-for-sale/longueuil-rive-sud/398-000-condominium-for-sale-in-mcmasterville/1730080933
Opportunité exceptionelle d'acquèerir un condo commercial à ...,699000,2,1,https://www.kijiji.ca/v-commercial-office-space-for-sale/ville-de-montreal/bureau-a-vendre/1733436479
WOW PRIX LE PLUS BAS. VUE EXCEPTIONNELLE Condo neuf à vendre...,598600,2,1,https://www.kijiji.ca/v-condo-for-sale/longueuil-rive-sud/598-600-condominium-for-sale-in-brossard/1708340495
*Charmant appartement de 2 chambres à vendre !* Ce charmant ...,423360,2,1,https://www.kijiji.ca/v-condo-for-sale/ville-de-montreal/423-360-condominium-for-sale-in-lachine/1723498199
"Jolie 5 1/2 à vendre à Chomedey, Laval. Situé à 5 minutes du...",349900,2,1,https://www.kijiji.ca/v-condo-for-sale/laval-rive-nord/349-900-condominium-for-sale-in-chomedey/1712808568
